_id,bio,college,country,createdAt,dob,email,face_detection_probabilities,gender,height,insta_username,interests,is_habit_drink,is_habit_smoke,is_verified,mobile,name,status,type,updatedAt,verified_at,what_to_find,who_to_date,is_subscribed,age,liked_counts,disliked_counts,Score
0,I am very honest and caring person,"[""Jawaharlal Nehru University""]",IN,617.0654884033333,2002-07-16 00:00:00,9000000000@get.idyll,[90.7028079032898],M,175.0,,"[""Art & Craft"",""Bollywood"",""Comedy"",""Design"",""Badminton""]",N,N,True,9000000000,Prakhar Sharma,True,U,10.437561569618056,10.43761173849537,C,F,True,21.0,4.0,7.0,21.336363636363636
1,Let's go on a date.,"[""Heritage ""]",IN,616.7161978477777,1999-02-26 00:00:00,9100000000@get.idyll,[],M,177.0,,"[""Singing"",""Writing"",""Dancing"",""Mountains"",""Biryani""]",N,N,True,9100000000,Amit,True,U,11.18020427795139,11.184488844976851,C,F,True,24.0,5.0,11.0,21.025
2,Loving life,"[""Jawaharlal Nehru University""]",IN,616.49570257,2001-01-08 00:00:00,9200000000@get.idyll,[88.67224454879761],F,175.0,,"[""Badminton"",""Design"",""Writing"",""Open-Minded"",""Coffee""]",N,N,True,9200000000,Ritz,True,U,18.49583984508102,,R,M,True,22.0,64.0,174.0,20.3890756302521
3,"Jai Maharashtra
ðŸ¥²Bharat Mata ki Jay.....
Inquilab zindabad ","[""Jawaharlal Nehru University""]",IN,616.3760906255555,2000-08-20 00:00:00,9300000000@get.idyll,"[90.63367247581482,70.43942511081696,96.18995189666748,95.02163529396057]",M,177.0,,"[""Singing"",""Cricket"",""Concerts"",""Vegetarian"",""Tea""]",N,N,True,9300000000,Devesh Shukla ,True,U,6.082661801099537,,R,F,True,23.0,6.0,10.0,21.65
7,"Joyfull, Fun loving guy","[""Jawaharlal Nehru University""]",IN,614.8799803477777,2002-02-16 00:00:00,9700000000@get.idyll,"[95.65495252609253,91.10906720161438,97.78301119804382]",M,165.0,,"[""Camping"",""Beer"",""Beaches"",""Mountains"",""Foodie""]",S,S,True,9700000000,Kushal Poddar,True,U,6.082665030266203,9.639677409791666,NS,F,True,21.0,41.0,57.0,20.883673469387755
8,"Well, the person right here is kinda sociopath.","[""Jawaharlal Nehru University ""]",IN,614.3150534033333,2000-03-31 00:00:00,9800000000@get.idyll,,M,187.0,,"[""Boxing"",""Cycling"",""Gym"",""Backpacking"",""Coffee""]",S,S,True,9800000000,Nirmal Shankar ,True,U,17.340092483969908,17.340093254699074,C,F,True,23.0,8.0,8.0,23.9
9,Rnd,"[""Jnu""]",IN,614.0566778477778,2004-08-30 00:00:00,9900000000@get.idyll,[98.3376681804657],M,176.0,,[],N,N,True,9900000000,Rishik ,True,U,19.226698108969902,,C,F,True,19.0,2.0,9.0,19.618181818181817
11,ðŸ™‚,"[""JNU""]",IN,613.4643636811111,2000-07-18 00:00:00,9110000000@get.idyll,[40.39326310157776],F,156.0,,"[""Documentaries"",""Horror"",""Cycling"",""Mountains"",""Coffee""]",S,S,True,9110000000,Maya,True,U,11.109248930729168,,CON,M,True,23.0,48.0,142.0,18.326315789473686
14,"I'm a 20 year old engineering student in Computer Science, with a passion for fitness and singing. I'm always looking to meet new people and explore new opportunities.","[""Heritage Institute of Technology ""]",IN,612.2474967366667,2002-03-17 00:00:00,9140000000@get.idyll,,M,188.0,,"[""Singing"",""Horror"",""Comedy"",""Gym"",""Swimming""]",S,N,True,9140000000,Sayantan,True,U,17.340092483969908,17.340093254699074,F,F,True,21.0,7.0,10.0,23.11764705882353
17,"Insta - ayushrajput237
I am someone whom you should like","[""Jawaharlal Nehru University""]",IN,611.9160556255556,2004-12-20 00:00:00,9170000000@get.idyll,[],M,176.0,,"[""Cricket"",""Badminton"",""Comedy"",""Open-Minded"",""Festivals""]",N,N,True,9170000000,Ayush Anand ,True,U,17.340092483969908,17.340093254699074,NS,F,True,19.0,4.0,8.0,21.133333333333333
31,Very boring person i am,"[""Jawaharlal Nehru University""]",IN,606.0165972922222,2001-12-22 00:00:00,9310000000@get.idyll,"[89.75738286972046,69.68415975570679,80.83032369613647,58.04235339164734]",M,182.0,,"[""Biryani"",""Badminton"",""Volleyball"",""Whiskey"",""Anime""]",O,O,True,9310000000,Abhinav,True,U,3.291988097395833,9.728837294050926,CON,F,True,22.0,3.0,6.0,21.73333333333333
90,Have many things to tell u later...,"[""JNU""]",IN,599.990776458889,2003-10-19 00:00:00,9900000000@get.idyll,,M,169.0,,"[""Cricket"",""Dancing"",""Dogs"",""Mystery"",""Mountains""]",S,N,True,9900000000,Phopho,True,U,24.98409527332176,,C,F,True,20.0,1.0,2.0,20.43333333333333
104,"Tech nerd, Anime and video games fan","[""Jawaharlal Nehru University""]",IN,584.4347011811111,2002-03-02 00:00:00,9104000000@get.idyll,,M,168.0,,"[""Video Games"",""Biryani"",""Animated"",""Sci-fi"",""Superhero""]",N,N,True,9104000000,BHARATH REDDY ELLANKI ,True,U,17.340092483969908,17.340093254699074,C,F,True,21.0,3.0,6.0,20.333333333333332
128,Insta:- @vijay_jatav11,"[""Jnu""]",IN,583.4453306255556,2001-04-14 00:00:00,9128000000@get.idyll,,M,166.0,,"[""Gym"",""Badminton"",""Beer"",""Anime"",""K-drama""]",N,S,True,9128000000,Vijay Kumar ,True,U,9.63479271545139,9.634793486180556,F,F,True,22.0,3.0,5.0,20.55
143,Positive...,"[""B.H.U.""]",IN,583.2120986811111,1999-04-08 00:00:00,9143000000@get.idyll,,M,176.0,,"[""Singing"",""Coffee"",""Environmentalism"",""Cycling"",""Romance""]",N,N,True,9143000000,Vikash Kumar ,True,U,17.340092483969908,17.340093254699074,NS,F,True,24.0,5.0,2.0,24.942857142857143
174,Hay! I am From Jnu,"[""Prayag raj singh""]",IN,582.5398831255555,2002-10-23 00:00:00,9174000000@get.idyll,,M,177.0,,"[""Romance"",""Sci-fi"",""Gym"",""Reels"",""Open-Minded""]",N,N,True,9174000000,Prayagraj Singh,True,U,17.340092483969908,17.340093254699074,NS,F,True,21.0,5.0,6.0,22.445454545454545
178,"Serene and creative, seeking moments of stillness in a world of chaos. When I'm not capturing beauty through my lens or singing my heart out, you can find me reflecting and seeking inner peace.","[""JNU""]",IN,582.33814757,1999-04-14 00:00:00,9178000000@get.idyll,"[92.63697862625122,89.17376399040222,98.69423508644104,51.33273005485535]",M,165.0,,"[""Singing"",""Reels"",""Photography"",""Heritage"",""Biryani""]",S,N,True,9178000000,Arun,True,U,17.340092483969908,17.340093254699074,F,F,True,24.0,3.0,2.0,22.7
189,...,"[""Jawaharlal Nehru University""]",IN,581.8183803477777,1999-06-12 00:00:00,9189000000@get.idyll,[48.76456260681152],M,166.0,,"[""Cricket"",""Gym"",""Bollywood"",""Environmentalism"",""Feminism""]",N,N,True,9189000000,Rahul ,True,U,6.011144868229167,6.011145627384259,C,F,True,24.0,1.0,3.0,19.3
196,Cool .,"[""Jawaharlal Nehru University""]",IN,581.7743209033333,2000-02-23 00:00:00,9196000000@get.idyll,,M,168.0,,"[""Reels"",""Writing"",""Photography"",""Cricket"",""Cafe-hopping""]",O,O,True,9196000000,Sandeep Singh ,True,U,17.340092483969908,17.340093254699074,F,F,True,23.0,2.0,2.0,22.0
199,I'm a creative person.Love to do adventures and thrilling things in life. I'm also an aspiring artist.In urgent need of love to grow as an artist.,"[""Jawaharlal Nehru University""]",IN,581.7358764588889,2002-02-02 00:00:00,9199000000@get.idyll,[],M,162.0,,"[""Writing"",""Photography"",""Yoga"",""Concerts"",""Theatre""]",S,S,True,9199000000,Rajeev Amitabh,True,U,7.106573537210648,7.106574319513889,R,F,True,21.0,3.0,5.0,20.15
206,Open Book... read me.,"[""JNU""]",IN,581.6082445144444,1988-12-16 00:00:00,9206000000@get.idyll,,M,166.0,,"[""Tennis""]",N,N,True,9206000000,Ajinkya ,True,U,17.340092483969908,17.340093254699074,C,F,True,35.0,6.0,2.0,24.3
231,hi i am simple boy,"[""Jnu""]",IN,581.1878239588889,1993-10-05 00:00:00,9231000000@get.idyll,[],M,165.0,,"[""Yoga"",""Cycling"",""Biryani"",""Tea"",""Beer""]",O,O,True,9231000000,Prabhat,True,U,7.46831658119213,7.468317351921296,F,F,True,30.0,2.0,3.0,20.7
232,"Hey there, let's see where this goes and have great memories together ","[""Jawaharlal Nehru University""]",IN,581.18092507,2002-02-21 00:00:00,9232000000@get.idyll,[],M,172.0,,"[""Football"",""Gym"",""Foodie"",""Anime"",""Hip Hop""]",S,S,True,9232000000,Johann,True,U,7.468187761747685,7.4681885324768515,NS,F,True,21.0,1.0,4.0,19.4
237,"My name is Ankit Pandey. Accustomed to being around primarily adults. I was always mature for my age. Even my own friends often annoyed me during my adolescent years. 
Thnaks.","[""LE MERIDIEN , CENTRAL SECRETATIAT""]",IN,581.13248257,2000-01-02 00:00:00,9237000000@get.idyll,[],M,174.0,,"[""Singing"",""Writing"",""Reels"",""Romance"",""Romantic""]",S,S,True,9237000000,ANKIT PANDEY,True,U,7.46772939369213,7.467730164421297,R,F,True,23.0,1.0,4.0,19.6
246,"I'm a lover of adventure and trying new things. When I'm not exploring the great outdoors, you can find me curled up with a good book or trying out a new recipe in the kitchen. I'm a foodie at heart.","[""Jawaharlal Nehru University""]",IN,580.9696670144444,1995-03-10 00:00:00,9246000000@get.idyll,[],M,166.0,,"[""Writing"",""Folk & Acoustic"",""Mountains"",""Swimming"",""Poetry""]",S,N,True,9246000000,Vasant,True,U,7.099742530266203,7.0997433357175925,NS,F,True,28.0,2.0,2.0,21.8
252,Masters 2nd year French student at JNU,"[""JNU""]",IN,580.8395042366667,2001-03-11 00:00:00,9252000000@get.idyll,[],M,167.0,,"[""Basketball"",""Cycling"",""Backpacking"",""Mountains"",""Feminism""]",N,N,True,9252000000,Gaurav Ranjan,True,U,4.394227912210648,17.340093254699074,C,F,True,22.0,4.0,3.0,22.614285714285714
280,An engineer out here looking for you ðŸ‘€,"[""Jawaharlal Nehru University""]",IN,580.49634007,2001-06-06 00:00:00,9280000000@get.idyll,[],M,168.0,,"[""Swimming"",""Cooking"",""Pizza"",""Thriller"",""Mystery""]",S,S,True,9280000000,Roshan,True,U,7.097280805729167,7.097281588032407,NS,F,True,22.0,1.0,3.0,19.5
288,...................,"[""Jawaharlal Nehru University""]",IN,580.4115845144445,2002-02-02 00:00:00,9288000000@get.idyll,[],M,167.0,,"[""Photography"",""Open-Minded"",""Poetry"",""Ambitions"",""Art & Craft""]",N,N,True,9288000000,Prince sonkar ,True,U,7.096808930729167,7.096809713032408,C,F,True,21.0,4.0,4.0,21.9
289,I am msc 1st year student in Lifescience.,"[""Jawaharlal Nehru University""]",IN,580.4103509033333,2001-09-14 00:00:00,9289000000@get.idyll,[],M,162.0,,"[""Singing"",""Dancing"",""Photography"",""Romance"",""Romantic""]",N,N,True,9289000000,Bikash Kadraka,True,U,7.095699694618055,7.095700511643519,F,F,True,22.0,2.0,7.0,18.622222222222224
294,.,"[""Jawaharlal Nehru University""]",IN,580.3032720144445,2001-09-21 00:00:00,9294000000@get.idyll,[],M,167.0,,"[""Cricket"",""Badminton"",""Gym"",""Dogs"",""Comedy""]",S,S,True,9294000000,Saurabh ,False,U,7.095135632118056,7.095206379699074,F,F,True,22.0,1.0,10.0,17.80909090909091
308,"Will be Clyde to your Bonnie, Watson to your Sherlock and Chandler to your MonðŸ¤ðŸ¤","[""Jawaharlal Nehru University""]",IN,580.1643561811111,2000-02-11 00:00:00,9308000000@get.idyll,[],M,183.0,,"[""Singing"",""Badminton"",""Football"",""Mountains"",""Pizza""]",N,N,True,9308000000,Shivam,True,U,7.094046361284723,7.094047143587963,R,F,True,23.0,2.0,4.0,21.833333333333332
320,"I don't speak much, but if our vibes match then taubaa taubaa.

Posting only selfies cause don't have the nerves to bother someone to take my pictures.

Let's make a plan U.","[""Jawaharlal Nehru University""]",IN,580.0763622922223,2004-07-08 00:00:00,9320000000@get.idyll,,M,178.0,,"[""Singing"",""Writing"",""Cafe-hopping"",""Foodie"",""Documentaries""]",S,N,True,9320000000,Mihir,True,U,17.340092483969908,17.340093254699074,C,F,True,19.0,7.0,10.0,22.11764705882353
326,"Curious for little things, Reading, writing and research in JNU. 

Love cooking and going on walks. Love traveling and photography (sometimes). Would like to meet like minded folks.","[""JNU""]",IN,580.0097534033333,1994-06-06 00:00:00,9326000000@get.idyll,[],M,179.0,,"[""Running"",""Football"",""Foodie"",""Biryani"",""Tea""]",S,S,True,9326000000,Nirvana,True,U,7.0916321830439815,7.091632942199074,NS,F,True,29.0,3.0,6.0,21.43333333333333
332,"Open mind reality and honest
Playing kabaddi","[""Jawaharlal Nehru University""]",IN,579.9365189588889,2002-04-05 00:00:00,9332000000@get.idyll,"[94.85325217247009,98.65626692771912]",M,175.0,,"[""Open-Minded"",""Romantic"",""Dancing"",""Dogs"",""Crime""]",S,S,True,9332000000,Mohan ,True,U,7.091341592766204,7.091342363495371,R,F,True,21.0,4.0,5.0,22.144444444444446
333," 
Love The Bands ðŸŽ¶ðŸŽµ
â¤ï¸ðŸ‘‰ðŸ‡â˜•ðŸ·ðŸš¬ðŸŽ¶","[""Jawaharlal Nehru University""]",IN,579.9140709033334,1999-12-05 00:00:00,9333000000@get.idyll,,M,168.0,,"[""Art & Craft"",""Photography"",""Football"",""Mountains"",""Sci-fi""]",S,S,True,9333000000,Ashutosh ,True,U,17.340092483969908,17.340093254699074,F,F,True,24.0,3.0,6.0,20.333333333333332
337,"Badass, Loyal and Horny that's all what we deserve in another Soul","[""Jawaharlal Nehru University""]",IN,579.8696481255555,1994-04-06 00:00:00,9337000000@get.idyll,,M,166.0,,"[""Art & Craft"",""Badminton"",""Swimming"",""Cooking"",""Stand Up""]",S,S,True,9337000000,Ankur,True,U,17.340092483969908,17.340093254699074,CON,F,True,29.0,2.0,6.0,19.3
356,Love to talk about literature especially interested in marvel Chinese Korean and Japanese comics. Huge console game fan.  Crazy music listener fav genre hip-hop artists Alec Benjamin and Nas ,"[""Jawaharlal Nehru University""]",IN,579.53262507,2004-11-08 00:00:00,9356000000@get.idyll,[],M,176.0,,[],N,S,True,9356000000,Irfan,True,U,6.0767639423032405,6.076764713032407,NS,F,True,19.0,2.0,7.0,20.022222222222222
404,"I am just looking for some good company, those who would be willing to go out, explore the city and food. 

Perks of being my friend: Non-judgemental, will buy you food. ","[""Jawaharlal Nehru University""]",IN,578.6541931255556,1999-08-13 00:00:00,9404000000@get.idyll,[],F,150.0,,"[""Anime"",""Camping"",""Beaches"",""Cafe-hopping"",""Environmentalism""]",N,N,True,9404000000,Neelam,True,U,17.340092483969908,17.340093254699074,F,A,True,24.0,186.0,161.0,20.560230547550432
633,ðŸ¤ª,"[""JNU ""]",IN,545.79396757,2000-10-28 00:00:00,9633000000@get.idyll,,F,160.0,,[],N,N,True,9633000000,Nandini,True,U,17.340092483969908,17.340093254699074,CON,M,True,23.0,122.0,193.0,20.073015873015873
966,Survival of the apt-est,"[""Delhi University""]",IN,443.6743706255556,2004-12-18 00:00:00,9966000000@get.idyll,[94.1814661026001],F,160.0,,"[""Video Games"",""Comic-books""]",N,N,True,9966000000,Pratima Kisku,True,U,9.503950875173611,9.503951657476852,F,M,True,19.0,137.0,108.0,21.79183673469388
971,Chai pe charcha krte hai,"[""Indraprastha College For Women""]",IN,443.20758229222224,2003-09-17 00:00:00,9971000000@get.idyll,"[32.85021781921387,33.328062295913696]",F,157.0,,"[""Writing"",""Singing"",""Biryani"",""Tea"",""Bollywood""]",S,N,True,9971000000,Archi,True,U,6.042084625173611,6.042085395902777,CON,M,True,20.0,159.0,71.0,22.81304347826087
984,â€œI am so glad I right-swiped on you(MeðŸ¤­)â€ â€“ Future You,"[""Lakshmi Bai College""]",IN,442.57320840333335,2002-12-28 00:00:00,9984000000@get.idyll,"[90.62782526016235,98.15586805343628,97.50269055366516,93.54929327964783]",F,160.0,,"[""Cafe-hopping"",""Singing"",""Maggi"",""Pizza"",""Thriller""]",N,N,True,9984000000,Dia Pandey,True,U,9.507318896006945,9.507319678310186,NS,M,True,21.0,103.0,124.0,20.737444933920706
994,Introverted and Clumsy would be the best adjectives for me,"[""Lakshmi Bai College""]",IN,441.7069784033333,2002-12-23 00:00:00,9994000000@get.idyll,"[67.8763747215271,96.14112973213196]",F,175.0,,"[""Singing"",""Dogs"",""LGBTQIA+ ally"",""Horror"",""Pop""]",N,N,True,9994000000,Anne,True,U,6.036006118229166,6.036006888958333,NS,F,True,21.0,119.0,112.0,22.85151515151515
995,Looking for a smart and tall bndaaaaðŸ¤ŒðŸ»,"[""Delhi University""]",IN,441.6309303477778,2004-02-09 00:00:00,9995000000@get.idyll,"[81.6040575504303,98.17282557487488,98.66220951080322,93.12343001365662]",F,169.0,,[],N,S,True,9995000000,Prerna Kashyap,True,U,6.037911511747685,6.037912282476852,R,M,True,19.0,135.0,105.0,22.725
998,"Selectively Sanskari
Unapologetically desi","[""Delhi University""]",IN,441.21491507,2004-02-03 00:00:00,9998000000@get.idyll,"[85.94378232955933,41.11661911010742,85.94654202461243,77.63052582740784]",F,170.0,,"[""Photography"",""Art & Craft"",""Badminton"",""Clubs"",""Bollywood""]",,,True,9998000000,Kritika,True,U,9.506976060358795,9.506976842662038,,M,True,19.0,154.0,77.0,23.866666666666667
1024,"Iâ€™m not desperate or lonely, just adventurous enough to date online. I'm die heart lover of chaiâ¤ï¸Tea dates over anything>> Casual dating? Big NO. Humorous guys>>That's it! Idk what else to sayðŸ¤­","[""Gargi college""]",IN,437.30504979222223,2003-05-20 00:00:00,9102400000@get.idyll,"[91.57342314720154,55.641961097717285,47.36857712268829,57.54121541976929]",F,162.56,,"[""Reels"",""Cafe-hopping"",""Tea"",""Foodie"",""Gymnastics""]",N,N,True,9102400000,Bhoomi singh,True,U,9.506498896006944,9.506499678310185,R,M,True,20.0,158.0,80.0,23.094655462184875
1080,"An idealist, perfectionist who is lost in her own world most of the times.","[""Institute of Home Economics""]",IN,419.10854673666665,2002-10-02 00:00:00,9108000000@get.idyll,[71.98792099952698],F,158.0,,"[""Photography"",""Cooking"",""Open-Minded"",""Environmentalism"",""Cats""]",N,N,True,9108000000,Harshita,True,U,6.034519254803241,6.034520025532408,NS,A,True,21.0,100.0,135.0,20.25531914893617
1175,"Studing in Miranda house, 1st year. 
Love to influence others..","[""Miranda house""]",IN,374.2728911811111,2004-11-08 00:00:00,9117500000@get.idyll,"[63.37693234284719,92.09838509559631,61.8933230638504]",F,158.0,,[],N,N,True,9117500000,Prachi,True,U,9.511503988599538,9.511504770902778,F,M,True,19.0,103.0,85.0,21.47872340425532
1337,talk and explore,"[""Miranda House""]",IN,182.37469562555555,2004-06-01 00:00:00,9133700000@get.idyll,"[90.67346453666687,69.34019178152084]",F,158.0,,"[""Writing"",""Foodie"",""Cats"",""Poetry"",""Open-Minded""]",N,N,True,9133700000,vanshika,True,U,7.480079833506944,7.480080766273148,,M,True,19.0,56.0,61.0,20.786324786324787
1375,Up for picnic and book reading session?,"[""Miranda House""]",IN,100.95629340333332,2001-01-23 00:00:00,9137500000@get.idyll,"[99.46010708808899,94.53068375587463,97.83393740653992,74.94994103908539]",F,150.0,,"[""Family Oriented"",""Mystery"",""Stand Up"",""Thriller"",""Ambitions""]",N,N,True,9137500000,Rashmita Pradhan,True,U,4.091375169155093,4.09137593988426,R,M,True,22.0,35.0,48.0,19.41686746987952
